title;link;downloaded;notesTaken
"Plantes sauvages comestibles et m√©dicinales √† Paris";"https://www.youtube.com/watch?v=1-1q7xfUoPw";false;false
"Herbe aux chantres, sisymbre officinale. Plante sauvage comestible et m√©dicinale";"https://www.youtube.com/watch?v=etvwkCAClm8";false;false
"Botanique - Organes sexuels de la plante";"https://www.youtube.com/watch?v=bVdNBX0R_I8";false;false
"L'orge des rats - Plante sauvage comestible";"https://www.youtube.com/watch?v=cpqObZWhZF8";false;false
"Lierre terrestre d√©licieuse plante sauvage comestible et m√©dicinale";"https://www.youtube.com/watch?v=thl_35OpGBE";false;false
"Tilleul, arbre comestible et m√©dicinal";"https://www.youtube.com/watch?v=hBEBpEtbi_I";false;false
"Gaillet gratteron, plante sauvage comestible.";"https://www.youtube.com/watch?v=xoVJK5fS59Y";false;false
"Cerfeuil des bois, plante sauvage comestible.";"https://www.youtube.com/watch?v=vLBph5G0zDY";false;false
"Berce spondyle, plante sauvage comestible abondante et d√©licieuse";"https://www.youtube.com/watch?v=6Nid3T3unHA";false;false
"La p√¢querette, Bellis perennis, plante sauvage comestible et m√©dicinale";"https://www.youtube.com/watch?v=FII5bfebpHw";false;false
"Ail des ours, Allium ursinum, plante sauvage comestible et m√©dicinale";"https://www.youtube.com/watch?v=EiMSpBySu90";false;false
"Quel est le mat√©riel : livres et sites pour la botanique de terrain, l'autonomie en cueillette";"https://www.youtube.com/watch?v=fA0uOhBr5Eo";false;false
"Lamier blanc, Lamium album, plante sauvage comestible et m√©dicinale abondante";"https://www.youtube.com/watch?v=1SoGA-HvRZ0";false;false
"Galinsoga, plante sauvage comestible en France";"https://www.youtube.com/watch?v=BDKhbu-Wp7M";false;false
"Consommer et utiliser le Gingko biloba";"https://www.youtube.com/watch?v=RgUpoZkN7ww";false;false
"Comment cueillir les plantes sauvages sans risque";"https://www.youtube.com/watch?v=pyFNtLnNgmI";false;false
"Comment cueillir l'ortie sans se piquer";"https://www.youtube.com/watch?v=V_Nx1Pb3cA0";false;false
"La Beno√Æte Urbaine, plante de la digestion et de la cicatrisation";"https://www.youtube.com/watch?v=zdZ3MiAk6PY";false;false
"Lierre, liane m√©dicinale et non parasite";"https://www.youtube.com/watch?v=1yybPAuRT5E";false;false
"Cueillette de plantes sauvages comestibles et m√©dicinales";"https://www.youtube.com/watch?v=wuSZYvh3hLM";false;false
"Arbres et gemmoth√©rapie";"https://www.youtube.com/watch?v=OFPMf8vtxpE";false;false
"R√©glisse des bois, Polypodium vulgare";"https://www.youtube.com/watch?v=3wkPAap8X8U";false;false
"R√©colter la s√®ve de bouleau";"https://www.youtube.com/watch?v=ZHKyX9_MVHI";false;false
"L'ortie, Urtica dioica, la reine des plantes sauvages";"https://www.youtube.com/watch?v=mOZdqkCdp78";false;false
"Comprendre et faire ses rem√®des avec les bourgeons, la gemmoth√©rapie";"https://www.youtube.com/watch?v=mewMxKjeXUc";false;false
"Le g√©ranium herbe √† Robert, le rois de nos sous-bois";"https://www.youtube.com/watch?v=AZtW6oLeTI0";false;false
"Quatre plantes sauvages comestibles √† d√©couvrir dans nos bois";"https://www.youtube.com/watch?v=0nYynOJXIgU";false;false
"Le ch√™ne, contre la baisse de libido et le surmenage";"https://www.youtube.com/watch?v=a_yKVqyFcOo";false;false
"Le brocoli sauvage, Lepidium draba, un r√©gal";"https://www.youtube.com/watch?v=4nhr31Q2V4E";false;false
""Cueilleur urbain" de Christophe de Hody est disponible";"https://www.youtube.com/watch?v=AU0lloWAlU8";false;false
"5 plantes sauvages √† cueillir au printemps";"https://www.youtube.com/watch?v=Oo6AGgisv_k";false;false
"Le Chemin de la nature explore la gastronomie";"https://www.youtube.com/watch?v=wSEsyPk9_DU";false;false
"La famille de la carotte, les confusions possibles";"https://www.youtube.com/watch?v=wl9ql9K5tj8";false;false
"Aub√©pine, arbuste des probl√®mes de coeur et de stress";"https://www.youtube.com/watch?v=cYaZejgjDmE";false;false
"Tout sur le sureau noir, Sambucus nigra";"https://www.youtube.com/watch?v=Yn2jmwP3jvw";false;false
"Ail des ours, faire sa teinture m√®re";"https://www.youtube.com/watch?v=ODp_3x_gRP4";false;false
"Tilleul, tout sur ses usages";"https://www.youtube.com/watch?v=a03tGPekjmc";false;false
"Comment distinguer l'ortie m√¢le de la femelle ?";"https://www.youtube.com/watch?v=EZS2ja_jhQU";false;false
"La fa√ßon sauvage de manger des frites";"https://www.youtube.com/watch?v=awQKzcQdvig";false;false
"La meilleure salade sauvage";"https://www.youtube.com/watch?v=JuBP49o_iaE";false;false
"Le millepertuis, plante de la d√©pression et de la peau";"https://www.youtube.com/watch?v=2kQ8J2HPIn4";false;false
"Propri√©t√©s de l'achill√©e millefeuille, plante des femmes";"https://www.youtube.com/watch?v=5DyBgIgneFY";false;false
"Le Chemin de la Nature aux Estivales de la permaculture";"https://www.youtube.com/watch?v=OIOEcrCsf74";false;false
"Le souci ou Calendula, la plante m√©dicinale des vacances pour les coups de soleil et les infections";"https://www.youtube.com/watch?v=iRBeLVDmatw";false;false
"La mauve, Malva, plante sauvage comestible et r√©g√©n√©ratrice de la peau";"https://www.youtube.com/watch?v=NnGIGefiizU";false;false
"Planter et semer l'ail des ours √† Paris";"https://www.youtube.com/watch?v=fjGYrEm9Kzg";false;false
"La laitue vireuse remplace le cannabis et l'opium";"https://www.youtube.com/watch?v=wBchQSJ2JXg";false;false
"La bardane, peau et d√©tox";"https://www.youtube.com/watch?v=a792xHSEoqU";false;false
"La pr√™le des champs, plante des articulations, arthrite";"https://www.youtube.com/watch?v=VEJvF5w7xB4";false;false
"La carotte sauvage";"https://www.youtube.com/watch?v=uQiY5Llulag";false;false
"Marronnier, propri√©t√©s et parasites";"https://www.youtube.com/watch?v=shgtw5b-QwY";false;false
"Le bonheur de grimper aux arbres";"https://www.youtube.com/watch?v=mrYuKVPFxJU";false;false
"Les chardons sont comestibles";"https://www.youtube.com/watch?v=npiVfwQMnhI";false;false
"Utilisons le marronnier d'Inde";"https://www.youtube.com/watch?v=JkVfERZAVf0";false;false
"If, toxique sauf l'arille";"https://www.youtube.com/watch?v=BxVjoMmVyRs";false;false
"Les glands des ch√™nes se mangent";"https://www.youtube.com/watch?v=ETxBRJ9qgDY";false;false
"Le micocoulier et ses fruits m√©connus";"https://www.youtube.com/watch?v=gEsRnVMwp-A";false;false
"Le ch√©nopode, √©pinard sauvage";"https://www.youtube.com/watch?v=mTw3O9hKOeU";false;false
"Alliaire, condiment et l√©gume sauvage";"https://www.youtube.com/watch?v=VpVYOA4li04";false;false
"Aub√©pine, coeur stress et grignotage";"https://www.youtube.com/watch?v=xy4CWKc8Huc";false;false
"Le pissenlit est notre ami";"https://www.youtube.com/watch?v=Yk9PGNGASFE";false;false
"Les richesses du noyer";"https://www.youtube.com/watch?v=p6bw_tIS3es";false;false
"Mangeons l'√©glantier, cynorhodon ou gratte cul";"https://www.youtube.com/watch?v=pmiRJbAYgWA";false;false
"Bourse √† pasteur";"https://www.youtube.com/watch?v=m9WpR4jM-98";false;false
"Champignon : le Coprin pie";"https://www.youtube.com/watch?v=MoDfAyzxOM4";false;false
"Laitue vireuse vs Cannabis";"https://www.youtube.com/watch?v=GXBTZEZKt2o";false;false
"La moutarde sauvage";"https://www.youtube.com/watch?v=KT6bDCEM-oM";false;false
"Le lierre terrestre, d√©licieuse plante aromatique";"https://www.youtube.com/watch?v=DluctBDUyXE";false;false
"20 plantes sauvages sur 5 m2";"https://www.youtube.com/watch?v=C6ooobqwYTs";false;false
"Fruits de berce et de carotte sauvage";"https://www.youtube.com/watch?v=IduLioLRAjc";false;false
"Rumex, ou doche, et ses vertus";"https://www.youtube.com/watch?v=S7NwvgoENfg";false;false
"Clou de girofle sauvage, la beno√Æte";"https://www.youtube.com/watch?v=zDV3PBvSl_E";false;false
"Le pain rend malade les canards";"https://www.youtube.com/watch?v=if-_UyhQdJA";false;false
"Un cadeau original";"https://www.youtube.com/shorts/2VXAB0i9y7o";false;false
"Le dernier Gingko Biloba de son genre";"https://www.youtube.com/watch?v=HKp49tIKC84";false;false
"Salades sauvages d'apr√®s f√™tes";"https://www.youtube.com/watch?v=6rmddgc6fFE";false;false
"B√™tisier 2017 du Chemin de la Nature";"https://www.youtube.com/watch?v=GwflyDINBDc";false;false
"L'alliaire, le wasabi sauvage";"https://www.youtube.com/watch?v=srb128VHgMg";false;false
"L'amarante et le ch√©nopode, c√©r√©ales sauvages";"https://www.youtube.com/watch?v=BSdBPWoHHwQ";false;false
"Les plantes bio-indicatrices";"https://www.youtube.com/watch?v=9qKr-zwUmJo";false;false
"La stellaire et l'euphorbe des jardins : la confusion possible";"https://www.youtube.com/watch?v=YncstFwvBzU";false;false
"Des fleurs comestibles";"https://www.youtube.com/watch?v=OjkXGt78JqI";false;false
"Ail des vignes : attention aux confusions !";"https://www.youtube.com/watch?v=sfwpf6SAwvk";false;false
"Plantes sauvages des rues de Paris";"https://www.youtube.com/watch?v=DASrRofnbyI";false;false
"La ch√©lidoine ou herbe aux verrues";"https://www.youtube.com/watch?v=ZDZAZ3L2Uus";false;false
"La violette sauvage excellente en sirop";"https://www.youtube.com/watch?v=v5In0c_0leU";false;false
"Le pin sylvestre, propri√©t√©s m√©dicinales";"https://www.youtube.com/watch?v=ya8aUn3RrOM";false;false
"If, Taxus baccata, Pollen et toxicit√©";"https://www.youtube.com/watch?v=6VxUHbQHtXk";false;false
"Le h√™tre, le roi de nos for√™ts";"https://www.youtube.com/watch?v=0Q8ZmiddQ8g";false;false
"L'ortie revient, bonne cueillette";"https://www.youtube.com/watch?v=KNGCBwt5ECU";false;false
"√âglantier et ses cynorhodons";"https://www.youtube.com/watch?v=SD8NloaM71M";false;false
"Un marronier vient d'√™tre taill√©, c'est le moment de r√©colter !";"https://www.youtube.com/watch?v=ug6KgH4Z-xY";false;false
"La cardamine h√©riss√©e, excellente √† manger !";"https://www.youtube.com/watch?v=hDpujlbnc6M";false;false
"Le saule, aspirine et biodiversit√©";"https://www.youtube.com/watch?v=infMoI2r9kM";false;false
"Oseille sauvage VS Arum";"https://www.youtube.com/watch?v=B5vxkLAzh1k";false;false
"Jeunes pousses de ronce pour la gemmoth√©rapie";"https://www.youtube.com/watch?v=uHP4IdAh2nc";false;false
"Cerfeuil des bois vs cerfeuil des fous";"https://www.youtube.com/watch?v=H_Y89LOavgM";false;false
"Marguerite et p√¢querette, deux plantes comestibles";"https://www.youtube.com/watch?v=neuDG2bKN-4";false;false
"L'oseille sauvage, plante sauvage d√©licieuse";"https://www.youtube.com/watch?v=jVHZcvBGd8M";false;false
"Cueillir des Plantes Comestibles et Medicinales √† Paris avec les Acteurs du Paris Durable";"https://www.youtube.com/watch?v=uU0EfBpq6fA";false;false
"D√©couvrir les plantes sauvages avec Le Chemin de la Nature";"https://www.youtube.com/watch?v=5M-hR1F6lpE";false;false
"Pour remplacer l'artichaut, optez pour la Bardane !";"https://www.youtube.com/watch?v=sVVh322diZA";false;false
"Le fr√™ne, pour nos articulations";"https://www.youtube.com/watch?v=_rC0W2l0EdY";false;false
"Guide des fleurs sauvages";"https://www.youtube.com/watch?v=9lLR7IIlVQg";false;false
"Manger des graines de coquelicot";"https://www.youtube.com/watch?v=pyYR36IgoqI";false;false
"Comment reconna√Ætre et utiliser le plantain";"https://www.youtube.com/watch?v=t1hbYFwUC7c";false;false
"Rosettes, pissenlit and co";"https://www.youtube.com/watch?v=smO_1exJktE";false;false
"R√©colter du tilleul";"https://www.youtube.com/watch?v=RtEJXOBSAZM";false;false
"Les jeunes pousses sauvages d'automne";"https://www.youtube.com/watch?v=RfUr_sXwOpc";false;false
"Le go√ªt des aiguilles du sapin de Douglas";"https://www.youtube.com/watch?v=p4cnOky_Bt0";false;false
"La bonne camomille matricaire ou camomille allemande";"https://www.youtube.com/watch?v=2kQx2kvDX9Y";false;false
"La berce, une plante sauvage d√©licieuse";"https://www.youtube.com/watch?v=ws1txjx5Lk0";false;false
"If, Taxus baccata, ses usages";"https://www.youtube.com/watch?v=MdFaSEqZRhY";false;false
"L'ortie, bombe nutritive";"https://www.youtube.com/watch?v=H7xwINdEHYU";false;false
"La verge d'or pour les cystites et la prostate";"https://www.youtube.com/watch?v=LUxPTeyPNYM";false;false
"L'armillaire, couleur de miel";"https://www.youtube.com/watch?v=ufZhJz4O4DE";false;false
"Plantain, cicatrisant et antihistaminique";"https://www.youtube.com/watch?v=fT4rK6fYMRY";false;false
"Pied bleu, d√©lice de novembre";"https://www.youtube.com/watch?v=7yCLEABUdy0";false;false
"Les russules comestibles";"https://www.youtube.com/watch?v=x9XYdi3Gn3g";false;false
"Lierre grimpant, un bijou pour la biodiversit√©";"https://www.youtube.com/watch?v=oFRch1U5hkA";false;false
"Cueillette de champignons";"https://www.youtube.com/watch?v=NQdyg6YlC1Q";false;false
"Parasites et cueillettes : les risques";"https://www.youtube.com/watch?v=kKJE5QziBxM";false;false
"Formation en ligne du Cueilleur : cueillette, Cuisine, Herboristerie";"https://www.youtube.com/watch?v=-_C-OJz1vUI";false;false
"Formation en ligne botanique, cueillette et herboristerie";"https://www.youtube.com/watch?v=fc_lHCbjsQg";false;false
"Fr√™ne en hiver, lichens comestibles";"https://www.youtube.com/watch?v=2GVFyr3O77Q";false;false
"Carotte sauvage et erodium";"https://www.youtube.com/watch?v=V5MgWIdbOh4";false;false
"La massette est comestible";"https://www.youtube.com/watch?v=e1QJinzGtZs";false;false
"T√©moignage #1 - Formation en ligne botanique, herboristerie et cuisine sauvage";"https://www.youtube.com/watch?v=SBLivqggVBw";false;false
"Un drap pour vos cueillettes";"https://www.youtube.com/watch?v=oAAQVMc5E0U";false;false
"Le s√©chage des plantes";"https://www.youtube.com/watch?v=DEsDUeTnpuk";false;false
"Le n√©flier, un des meilleurs fruits sauvages";"https://www.youtube.com/watch?v=5LAtcMQUEHs";false;false
"T√©moignage #2 - Formation en ligne botanique, herboristerie et cuisine sauvage";"https://www.youtube.com/watch?v=hA0VmuGJ0qQ";false;false
"T√©moignage #3 - Formation en ligne botanique, herboristerie et cuisine sauvage";"https://www.youtube.com/watch?v=nH8sZGvAxac";false;false
"T√©moignage #4 - Formation en ligne botanique, herboristerie et cuisine sauvage";"https://www.youtube.com/watch?v=ZZ5Yz5Z3FCo";false;false
"La m√¢che sauvage ou doucette";"https://www.youtube.com/watch?v=G5yhn3cAEcI";false;false
"T√©moignage #5 - Formation en ligne botanique, herboristerie et cuisine sauvage";"https://www.youtube.com/watch?v=GHjxAwN8v7Y";false;false
"T√©moignage #6 - Formation en ligne botanique, herboristerie et cuisine sauvage";"https://www.youtube.com/watch?v=jGojGP9dXzw";false;false
"Les baies de gen√©vrier sont comestibles et m√©dicinales";"https://www.youtube.com/watch?v=1Dr3qsi7tQg";false;false
"Menthe sauvage";"https://www.youtube.com/watch?v=mJQkjbAFkn4";false;false
"Christophe nous pr√©sente la formation du cueilleur en d√©tail";"https://www.youtube.com/watch?v=9qS1A5Z0H2w";false;false
"Achill√©e millefeuille, bonne digestive";"https://www.youtube.com/watch?v=SF8UkVe8h-Q";false;false
"Lierre terrestre, bonne et abondante";"https://www.youtube.com/watch?v=PcCQhZIoZmo";false;false
"Rosier sauvage, bonbon des bois";"https://www.youtube.com/watch?v=8f-yIymzr9M";false;false
""Les bienfaits des arbres" est en librairie !";"https://www.youtube.com/watch?v=tSwquyprdnA";false;false
"L'arbre et la cueillette";"https://www.youtube.com/watch?v=cS4c_vN4bM4";false;false
"Le chardon, ou cirse, est comestible";"https://www.youtube.com/watch?v=Oz4tXx81g90";false;false
"Laitue vireuse en rosette";"https://www.youtube.com/watch?v=8TQfl_pN5K0";false;false
"La grande cigu√´ et la carotte sauvage";"https://www.youtube.com/watch?v=RGun4uulAyc";false;false
"Le tilleul, un des arbres pr√©f√©r√©s des Fran√ßais";"https://www.youtube.com/watch?v=J7Nahu-VdaE";false;false
"Les usages de l'aub√©pine";"https://www.youtube.com/watch?v=okW9-N9gX3A";false;false
"Plantes sauvages et biodiversit√©";"https://www.youtube.com/watch?v=tkMdP5n_Guk";false;false
"Ficaire et h√©morro√Ødes";"https://www.youtube.com/watch?v=TbPDeLauPlI";false;false
"Les salades sauvages, pissenlits, laiterons, laitues";"https://www.youtube.com/watch?v=j1BTDWmCOCA";false;false
"La porcelle, plante sauvage l√©gume";"https://www.youtube.com/watch?v=q0pCYGgK9pc";false;false
"Cerisier de Sainte-Lucie √† grignoter";"https://www.youtube.com/watch?v=iKOLfmALbuw";false;false
"Laitue vireuse VS laitue scariole";"https://www.youtube.com/watch?v=T2ssFe3Rbos";false;false
"Les picrides proches du pissenlit";"https://www.youtube.com/watch?v=2ed_FeQmvi8";false;false
"Les feuilles comestibles des arbres";"https://www.youtube.com/watch?v=xV9X8l7Qld4";false;false
"Quelles feuilles d‚Äôarbres manger? Ch√™ne, tilleul, bouleau";"https://www.youtube.com/watch?v=HjNHQxP1WaE";false;false
"Le lamier pourpre se mange et a un go√ªt de champignon";"https://www.youtube.com/watch?v=sKG_2r_BU0s";false;false
"Le laiteron est comestible cru et cuit";"https://www.youtube.com/watch?v=CjEEiLUKBbE";false;false
"L'Herbe aux chantres ou sisymbre est excellente en l√©gume et en sirop pour la gorge";"https://www.youtube.com/watch?v=0EHMhL-DNg8";false;false
"Le Rumex peut se manger comme la rhubarbe";"https://www.youtube.com/watch?v=4efoZ-GPT5k";false;false
"Comment faire un sirop m√©dicinal ?";"https://www.youtube.com/watch?v=6gZ32FPADBE";false;false
"Le maceron se mange en l√©gume et ses fruits comme le poivre";"https://www.youtube.com/watch?v=oKQrt59zoFc";false;false
"Les fleurs de robinier faux acacia et glycine se mangent mais pas celles de cytise";"https://www.youtube.com/watch?v=D0LxbOvfokM";false;false
"L‚Äôherbe est-elle comestible ?";"https://www.youtube.com/watch?v=ILLR_9gafP0";false;false
"L‚Äôabondance de brocoli sauvage dans la nature";"https://www.youtube.com/watch?v=_TpEhIidxCs";false;false
"L'Herbe aux chantres, ou sisymbre, est excellente en l√©gume et en sirop pour la gorge";"https://www.youtube.com/watch?v=rBX8W5S50PY";false;false
"Cerfeuil des bois un r√©gal mais ‚ö†Ô∏è";"https://www.youtube.com/watch?v=y83_nT_Z8uk";false;false
"Lierre terrestre : quelle est sa saison optimale ?";"https://www.youtube.com/watch?v=VP1F6sX9FkU";false;false
"La renou√©e du Japon, une plante envahissante mais d√©licieuse";"https://www.youtube.com/watch?v=4ewavHoNEj8";false;false
"Le bouton d'or, la plante de notre enfance";"https://www.youtube.com/watch?v=I_PGhBnIQ_o";false;false
"Les jeunes √©pines d'√©pic√©a se mangent !";"https://www.youtube.com/watch?v=MGWNPa98Pus";false;false
"L‚Äôarmoise commune pour calmer les douleurs menstruelles";"https://www.youtube.com/watch?v=zRmFITGL_uU";false;false
"La stellaire ou mouron des oiseaux est riche en min√©raux";"https://www.youtube.com/watch?v=UfJ1QFKf28w";false;false
"T√©moignage #15 - Formation en ligne botanique, herboristerie et cuisine sauvage";"https://www.youtube.com/watch?v=FU-Wmwzt57U";false;false
"T√©moignage #19 - Formation en ligne botanique, herboristerie et cuisine sauvage";"https://www.youtube.com/watch?v=IDM4yug1Cy4";false;false
"Le plantain, une plante au go√ªt de champignon";"https://www.youtube.com/watch?v=Qo3p2JuimEI";false;false
"Le tr√®fle des pr√©s, m√©nopause et remin√©ralisation";"https://www.youtube.com/watch?v=QRsD1coHIho";false;false
"Les fleurs d'√©rable champ√™tre se mangent !";"https://www.youtube.com/watch?v=orcYU4ZjiSs";false;false
"La consoude consolide et cicatrise les tissus, peau, muscles, os...";"https://www.youtube.com/watch?v=0hcaPjz8RyI";false;false
"Le sureau noir, sirop, beignet, toux";"https://www.youtube.com/watch?v=AD7sEFSsgMk";false;false
"La petite pimprenelle, go√ªt de concombre, h√©mostatique, diarrh√©es";"https://www.youtube.com/watch?v=rSAyQ27eO1c";false;false
"Le g√©ranium herbe √† Robert, une plante du syst√®me sanguin";"https://www.youtube.com/watch?v=TCv6sFPy_Zw";false;false
"Le cerfeuil vulgaire ou anthrisque commun, une plante aromatique d√©licieuse";"https://www.youtube.com/watch?v=-J0RGOB2UJk";false;false
"Je ressemble √† l‚Äôortie mais je ne pique pas, je suis le lamier blanc ou l‚Äôortie blanche";"https://www.youtube.com/watch?v=3gGFz_apPCM";false;false
"Avez-vous d√©j√† go√ªt√© le pin sylvestre ?";"https://www.youtube.com/watch?v=bRrrDHNJMCk";false;false
"Les feuilles de merisier sont d√©licieuses et pris√©es au Japon";"https://www.youtube.com/watch?v=lvz3OlI5djM";false;false
"La vesce commune, une plante sauvage au bon go√ªt de petits pois";"https://www.youtube.com/watch?v=fC6Zaq_HX1s";false;false
"La bardane, plante exceptionnelle pour la survie, la sant√© et la cuisine !";"https://www.youtube.com/watch?v=tNYII_-a7eE";false;false
"La centaur√©e et le bleuet";"https://www.youtube.com/watch?v=vCJtuYNZuyQ";false;false
"Coquelicot : toux, sommeil et cuisine";"https://www.youtube.com/watch?v=I6TMHrvTky4";false;false
"La camomille ananas ou matricaire odorante, une super plante pour aromatiser vos plats";"https://www.youtube.com/watch?v=O5Mv17nozjk";false;false
"Le mac√©rat huileux de millepertuis soigne les br√ªlures";"https://www.youtube.com/watch?v=CdPw-urvUNg";false;false
"La camomille aide √† dormir et √† dig√©rer et soigne l‚Äôecz√©ma";"https://www.youtube.com/watch?v=s4VnNBpg5q4";false;false
"Mon cocktail pr√©f√©r√© au lierre terrestre, jus de pomme... et vodka (facultatif)";"https://www.youtube.com/watch?v=lNca0WWFLxY";false;false
"Quelles plantes pour survivre dans la nature ?";"https://www.youtube.com/watch?v=62h1sMiATjA";false;false
"Tout se mange dans la rose tr√©mi√®re";"https://www.youtube.com/watch?v=ok65yBXQ4qE";false;false
"Les feuilles de bouleau se mangent et sont utilis√©es en cas de rhumatismes";"https://www.youtube.com/watch?v=62GIMfSLWrM";false;false
"T√©moignage #22 - Formation en ligne botanique, herboristerie et cuisine sauvage";"https://www.youtube.com/watch?v=dsgIYn6d70s";false;false
"Le cresson sauvage ou cresson des fontaines est comestible et d√©licieux";"https://www.youtube.com/watch?v=G0590AMvcZc";false;false
"T√©moignage #21 - Formation en ligne botanique, herboristerie et cuisine sauvage";"https://www.youtube.com/watch?v=ZixV_om6OWo";false;false
"T√©moignage #23 - Formation en ligne botanique, herboristerie et cuisine sauvage";"https://www.youtube.com/watch?v=xJSmf8_Ghqk";false;false
"T√©moignage #20 - Formation en ligne botanique, herboristerie et cuisine sauvage";"https://www.youtube.com/watch?v=OIKxnJGoR9o";false;false
"Formation Botanique, Cueillette, Pr√©paration de Rem√®des";"https://www.youtube.com/watch?v=xYpdmlqxgMU";false;false
"L'√©piaire des bois, la plante au go√ªt de c√®pe";"https://www.youtube.com/watch?v=QQohZlE7Ko8";false;false
"Le roncier, les ronces, les m√ªres, Rubus fruticosus";"https://www.youtube.com/watch?v=qi4ne7oVOMA";false;false
"Le noisetier, comestible et bon pour le syst√®me veineux";"https://www.youtube.com/watch?v=sHv9MgDm5-k";false;false
"L'orge des rats, la c√©r√©ale sauvage des famines !";"https://www.youtube.com/watch?v=PUVo9H6tOOg";false;false
"Tout se mange dans la ronce, surtout les m√ªres !";"https://www.youtube.com/watch?v=Fdc8VE4_KsU";false;false
"Le gaillet gratteron, un bon caf√© sauvage";"https://www.youtube.com/watch?v=GtvZvU6Ovlw";false;false
"La ballote noire, la plante no-stress !";"https://www.youtube.com/watch?v=vuTcu5fzr2Y";false;false
"La grande cigu√´, elle tue !";"https://www.youtube.com/watch?v=6mxhajIvzBI";false;false
"La grande et la petite oseille, un d√©lice !";"https://www.youtube.com/watch?v=-bFIhPia5wU";false;false
"Le figuier, un r√©gal qui calme";"https://www.youtube.com/watch?v=_1nGOVui_SE";false;false
"L'origan sauvage, aromatique et digestif";"https://www.youtube.com/watch?v=2hXZhmBOikU";false;false
"Pruniers sauvages, le myrobolan Prunus cerasifera";"https://www.youtube.com/watch?v=GltWvo4fOdY";false;false
"D√©licieuse tanaisie !";"https://www.youtube.com/watch?v=wCKmIZgS_D4";false;false
"La vip√©rine, Echium vulgare de la famille de la bourrache";"https://www.youtube.com/watch?v=-oc-8m62ypA";false;false
"Arr√™tons de tondre √† tout prix, si souvent !";"https://www.youtube.com/watch?v=abkdRlQ4Y-4";false;false
"L'√©pilobe hirsute, bonne pour la prostate !";"https://www.youtube.com/watch?v=EvrkRP99FUI";false;false
"Le plantain lanc√©ol√©, tellement bon !";"https://www.youtube.com/watch?v=vvGDcqkWROw";false;false
"La jusquiame, le datura et la morelle noire, les belles v√©n√©neuses !";"https://www.youtube.com/watch?v=b59mrDu1S-c";false;false
"R√©glisse sauvage ou astragale r√©glisse";"https://www.youtube.com/watch?v=DD-T8Jbrzfc";false;false
"La beno√Æte urbaine, cuisin√©e par les chefs !";"https://www.youtube.com/watch?v=7YGH0ZoZZps";false;false
"Les Asteraceae, chardons, pissenlit, p√¢querette, arnica, et plus encore !";"https://www.youtube.com/watch?v=FmHVYgkzrdI";false;false
"Le lotier cornicul√©, cette apaisante Fabac√©e";"https://www.youtube.com/watch?v=zz63tRcUB_A";false;false
"La vergerette du canada, poivr√©e et antirhumatismale.";"https://www.youtube.com/watch?v=dmaiIuqLuPo";false;false
"Les ch√¢taignes, on peut les manger pendant six mois !";"https://www.youtube.com/watch?v=EcgmbMfrlzs";false;false
"Le d√©licieux ch√©nopode blanc, un r√©gal !";"https://www.youtube.com/watch?v=kgOXKnzLab4";false;false
"Le sureau y√®ble est toxique !";"https://www.youtube.com/watch?v=opK916rBGyY";false;false
"Le panicaut se mange et n'est pas un chardon !";"https://www.youtube.com/watch?v=Lj2RrGJv5xc";false;false
"L'amarante, sauvage, d√©licieuse et dr√¥le !";"https://www.youtube.com/watch?v=s7z-MSI1xS8";false;false
"La coulemelle, ou l√©piote √©lev√©e, est d√©licieuse !";"https://www.youtube.com/watch?v=R7jDEECFUII";false;false
"Les groseilles sauvages existent !";"https://www.youtube.com/watch?v=ZJExCU1wBk8";false;false
"Le c√®pe de Bordeaux, qu'il est bon !";"https://www.youtube.com/watch?v=tCBu7AUh-hM";false;false
"S√©chage et conservation des plantes sauvages";"https://www.youtube.com/watch?v=mSdChHSyFWo";false;false
"Le coprin chevelu, Coprinus comatus, top 20 des meilleurs champignons !";"https://www.youtube.com/watch?v=XEp8Cgz316M";false;false
"Les fruits d'orme : ingr√©dient insolite en salade !";"https://www.youtube.com/watch?v=fovNUh3PGls";false;false
"La m√ªre de la ronce bleue se mange aussi !";"https://www.youtube.com/watch?v=rIhNm_qYRIs";false;false
"T√©moignage #24 - Formation en ligne botanique, herboristerie et cuisine sauvage";"https://www.youtube.com/watch?v=hmWa63Ckr_Y";false;false
"Le bolet bai, aussi bon qu‚Äôun c√®pe !";"https://www.youtube.com/watch?v=NfQi0OET51A";false;false
"La langue de b≈ìuf, un champignon qui se mange cru";"https://www.youtube.com/watch?v=KbkCex-bpxg";false;false
"Le ch√™ne, l'ami des animaux";"https://www.youtube.com/watch?v=87Po-8CLi9E";false;false
"Le d√©licieux pied bleu, confusion avec des cortinaires";"https://www.youtube.com/watch?v=PJ93VKcTbfY";false;false
"La bonne amanite rougissante ou golmotte, sans risque";"https://www.youtube.com/watch?v=P1TBszmc-F8";false;false
"Lactaire d√©licieux ou catalan";"https://www.youtube.com/watch?v=pHCZNnbSGho";false;false
"Le bolet √† pied rouge, bleuissant est un r√©gal bien cuit";"https://www.youtube.com/watch?v=dDsiKrvjbCk";false;false
"Le polypore soufr√© pour remplacer le poulet ?";"https://www.youtube.com/watch?v=TE9CHpni5p4";false;false
"Apprendre le chant des oiseaux";"https://www.youtube.com/watch?v=MLESi_Rqwiw";false;false
"L'oreille de Judas, notre champignon noir comestible";"https://www.youtube.com/watch?v=1-cZo3VuZGw";false;false
"Prunelles du prunellier ou √©pine noire, umeboshi";"https://www.youtube.com/watch?v=BcdEzaSBUh8";false;false
"La lampsane commune, super plante sauvage comestible";"https://www.youtube.com/watch?v=Df7s79__FAA";false;false
"Les m√ªres de murier noir";"https://www.youtube.com/watch?v=e8EyWRnGMY8";false;false
"Deux aspirines v√©g√©tales, le saule et la reine des pr√©s";"https://www.youtube.com/watch?v=Qv2GpaJ17cQ";false;false
"Pestos sur feuilles de tilleul !";"https://www.youtube.com/watch?v=AkyiNzpJ5Pw";false;false
"Les d√©licieux pieds de moutons ! Top 20";"https://www.youtube.com/watch?v=4pD1a8iBz3Q";false;false
"T√©moignage #25 - Formation du cueilleur : plantes sauvages, cueillette, cuisine, herboristerie";"https://www.youtube.com/watch?v=cELKpo25wNA";false;false
"T√©moignage #26 - Formation du cueilleur : plantes sauvages, cueillette, cuisine, herboristerie";"https://www.youtube.com/watch?v=C2a70Nqy5kQ";false;false
"Les trompettes de la mort, champignons d√©licieux. Top 20";"https://www.youtube.com/watch?v=dchQ6S3QYaw";false;false
"4 plantes sauvages comestibles en hiver !";"https://www.youtube.com/watch?v=WQTomUiTv28";false;false
"La vesse-de-loup perl√©e, pour une bonne po√™l√©e !";"https://www.youtube.com/watch?v=oYUpsd2pZug";false;false
"Id√©e de jeu avec la symphorine !";"https://www.youtube.com/watch?v=Dsz-GWZyXjU";false;false
"Pour No√´l, faites vous plaisir avec la Formation du Cueilleur - Botanique, cuisine, herboristerie.";"https://www.youtube.com/watch?v=U2XlbaqS9iw";false;false
"L'alliaire, racine sauvage en hiver !";"https://www.youtube.com/watch?v=RXpcIPTpCWQ";false;false
"Mauve des bois : maux de gorge et comestible enti√®rement";"https://www.youtube.com/watch?v=I-pzSlYLRhg";false;false
"La loupe : essentielle amie du botaniste !";"https://www.youtube.com/watch?v=A8bWvcaOoSA";false;false
"Le s√©ne√ßon jacob√©e : plante qui peut tuer humains et chevaux";"https://www.youtube.com/watch?v=0PfCBYW5iYs";false;false
"Berce du Caucase : la plante qui cr√©√© des br√ªlures";"https://www.youtube.com/watch?v=Uaknsi-dgg4";false;false
"Rumex, renou√©es, oseilles : plantes comestibles de la m√™me famille";"https://www.youtube.com/watch?v=3-7Ja-QQ6KA";false;false
"T√©moignage #27 - Formation du cueilleur : plantes sauvages, cueillette, cuisine, herboristerie";"https://www.youtube.com/watch?v=tQBUVSNE0Ig";false;false
"Manger des feuilles en hiver ? Rumex et bardane √† la rescousse !";"https://www.youtube.com/watch?v=eNvp8nGpd28";false;false
"Micocoulier : l'arbre o√π tout est bon √† manger !";"https://www.youtube.com/watch?v=aXaO0vdeuh0";false;false
"Pari√©taire : calculs r√©naux et comestibilit√©";"https://www.youtube.com/watch?v=LhSjY3FqHH4";false;false
"Saponaire, la plante √† savon qui soulage vos bronchites.";"https://www.youtube.com/watch?v=I8RslMeucLw";false;false
"Onagre, une racine au go√ªt de... jambon !";"https://www.youtube.com/watch?v=GpN6aoxZpPg";false;false
"Par ma Sainte Barbar√©e ! Un chou comestible !";"https://www.youtube.com/watch?v=w5kclaKwRxc";false;false
"Arum ou gouet, confusion ail des ours, plante toxique envahissante !";"https://www.youtube.com/watch?v=WYkN8x-Bd7k";false;false
"L'incroyable r√®gne v√©g√©tal : un tuto botanique en moins de 10 minutes !";"https://www.youtube.com/watch?v=RhoAdF5YLzM";false;false
"L'ortie, une mauvaise herbe ? Non, un tr√©sor !";"https://www.youtube.com/watch?v=-TDi5MWY44s";false;false
"L'ortie br√ªlante : petite soeur de la grande ortie !";"https://www.youtube.com/watch?v=Ys0-uMZwkSM";false;false
"Le h√™tre, un arbre comestible !";"https://www.youtube.com/watch?v=hl3TxUjrDJA";false;false
"La coronille : cousine du petit pois, mais toxique !";"https://www.youtube.com/watch?v=Ch53Nwk21ag";false;false
"Bourse √† pasteur, salades et syndrome pr√©menstruel";"https://www.youtube.com/watch?v=jI-BJaNhuCk";false;false
"50 nuances de berce commune !";"https://www.youtube.com/watch?v=8Ymd5qxAwAI";false;false
"Tussilage : la plante anti-toux !";"https://www.youtube.com/watch?v=L7Nj1OHkbNE";false;false
"Le mac√©rat huileux : des plantes, de l'huile, et hop !";"https://www.youtube.com/watch?v=r0b4q_KLwr0";false;false
"Les d√©licieuses blettes sauvages";"https://www.youtube.com/watch?v=ZFmDEAKElGE";false;false
"Comment utiliser les platanes ?";"https://www.youtube.com/watch?v=mHJDDLZnRKc";false;false
"D√©licieuses tiges sucr√©es d'alliaire !";"https://www.youtube.com/watch?v=eI4wntlWo7Q";false;false
"Jacinthe des bois, for√™ts anciennes";"https://www.youtube.com/watch?v=Ljvlou2v-_E";false;false
"La p√¢querette raffermit la poitrine (mais pas que) !";"https://www.youtube.com/watch?v=WNYYOH--lYY";false;false
"Pas touche √† la petite cigu√´ : elle tue aussi !";"https://www.youtube.com/watch?v=tqCQeV_xVDY";false;false
"Compagnon blanc : fleur unisexe et d√©co salade";"https://www.youtube.com/watch?v=D3G4MTI5wyU";false;false
"Les fleurs de groseilliers sauvages du mois d'avril !";"https://www.youtube.com/watch?v=DpyWD9qqh6E";false;false
"Les jeunes feuilles de h√™tre, un r√©gal !";"https://www.youtube.com/watch?v=aLIr07WnmaI";false;false
"Ornithogale : rencontre avec la dame de onze heure !";"https://www.youtube.com/watch?v=HyHUZknc8m4";false;false
"Stages de cueillette au Chemin de la Nature";"https://www.youtube.com/watch?v=J8epyS_tW-o";false;false
"Gemmoth√©rapie, rem√®des de bourgeons";"https://www.youtube.com/watch?v=euSLL_WdkCQ";false;false
"La primev√®re, coucou aromatique et bronchites";"https://www.youtube.com/watch?v=Pgs-DscImgM";false;false
"L'alisier, ses feuilles tendres sont √† croquer !";"https://www.youtube.com/watch?v=Sl2-75Kwn_E";false;false
"Attention √† la berce du Caucase !";"https://www.youtube.com/watch?v=QY23wtha6mY";false;false
"Le rosier sauvage, bourgeons et cynorhodons";"https://www.youtube.com/watch?v=QnfXx0XdVS8";false;false
"La mercuriale : plante toxique de la famille des Euphorbes";"https://www.youtube.com/watch?v=z8WLpvMVot8";false;false
"Erable et merisier : encore des feuilles √† manger !";"https://www.youtube.com/watch?v=kTNuY1eDB7Y";false;false
"Lierre terrestre √† la po√™le, un r√©gal !";"https://www.youtube.com/watch?v=yzS_A9UXRy4";false;false
"Les cirses, des "chardons" comestibles !";"https://www.youtube.com/watch?v=vRkG9iYeN5I";false;false
"Les armoises : aromatiques et m√©dicinales";"https://www.youtube.com/watch?v=vOX87NrMjyg";false;false
"Le pissenlit est un tr√©sor !";"https://www.youtube.com/watch?v=gVgyiE39AIc";false;false
"Formation en ligne - "Faire ses rem√®des"";"https://www.youtube.com/watch?v=pJ4lrkRIunU";false;false
"Les fleurs comestibles de l'arbre de Jud√©e";"https://www.youtube.com/watch?v=nsxPeOhVUiQ";false;false
""Fort comme un ch√™ne" : une histoire de bourgeons";"https://www.youtube.com/watch?v=_Wx8YQIHSzM";false;false
"L'ailante : confusion toxique du fr√™ne !";"https://www.youtube.com/watch?v=CD_c2LsbyIE";false;false
"Savez-vous manger les ronces ?";"https://www.youtube.com/watch?v=v0tC-efunOw";false;false
"Tout s'utilise dans la Bardane !";"https://www.youtube.com/watch?v=-K6kf-KLX34";false;false
"Les laiterons : d√©licieux en salade et cuits aussi !";"https://www.youtube.com/watch?v=Oa_8LgMIm8I";false;false
"V√©lar fausse girofl√©e : toxique pour le coeur";"https://www.youtube.com/watch?v=7a3W3381me8";false;false
"Origan et tanaisie, un champ de plantes aromatiques d'√©t√© !";"https://www.youtube.com/watch?v=OfDIHQMNx2c";false;false
"Luzerne cultiv√©e : engrais vert et comestible";"https://www.youtube.com/watch?v=0W06tZ9M2Dc";false;false
"Les gaillets : gratteron, mou, croisette et jaune";"https://www.youtube.com/watch?v=C5BeRAwSNA4";false;false
"Salade de feuilles d'√©rable";"https://www.youtube.com/watch?v=2f9VRfEnd9E";false;false
"Les vertus de la pr√™le des champs";"https://www.youtube.com/watch?v=-qG71xpKoSY";false;false
"Rosier sauvage : fleurs d√©licates, fruits d√©licieux !";"https://www.youtube.com/watch?v=HyDYiqMulnc";false;false
"Fleurs de robinier faux-acacia : sirops ou beignets ?";"https://www.youtube.com/watch?v=vx0DA0DKfUs";false;false
"Connaissez-vous le fragon petit-houx ?";"https://www.youtube.com/watch?v=QfAPRODM2Dk";false;false
"M√©lisse citronn√©e : digestion et stress";"https://www.youtube.com/watch?v=REJlfecbJNs";false;false
""Le charme d'Adam, c'est d'h√™tre √† poils"";"https://www.youtube.com/watch?v=DU5RLvwca_E";false;false
"Bourse √† pasteur et circulation du sang";"https://www.youtube.com/watch?v=z7VKYU_wWP0";false;false
"La bugle rampante, cicatrisante !";"https://www.youtube.com/watch?v=w_j2A7jG1pg";false;false
"L'√©piaire des bois : un velout√© au go√ªt de c√®pe";"https://www.youtube.com/watch?v=XGgerm-K4vM";false;false
"D√©couvrez le site internet du Chemin de la Nature";"https://www.youtube.com/watch?v=x_19o_mWt58";false;false
"Millepertuis perfor√© : anti-d√©prime, anti-coups de soleil !";"https://www.youtube.com/watch?v=5Fjsa742qbE";false;false
"Fruits de berce : un zeste d'orange";"https://www.youtube.com/watch?v=d-LLzOOJ-_4";false;false
"Les lamiers remplacent les champignons !";"https://www.youtube.com/watch?v=prcc-h4TxEc";false;false
"Le sisymbre remplace la moutarde";"https://www.youtube.com/watch?v=UsbKHQbgruc";false;false
"Les tilleuls en salades et en infusions !";"https://www.youtube.com/watch?v=DAqlsrrNy2o";false;false
"Tout est bon dans le gratteron";"https://www.youtube.com/watch?v=TRM0HPPsVLc";false;false
"Vergerette annuelle : une plante au go√ªt de poivre";"https://www.youtube.com/watch?v=8PYOBGjK4HU";false;false
"Belle et d√©licate V√©ronique de Perse";"https://www.youtube.com/watch?v=1kAQaESABs8";false;false
"Un r√©gal de roquette sauvage !";"https://www.youtube.com/watch?v=eNViIogLGsU";false;false
"Liqueur de cerisier sauvage";"https://www.youtube.com/watch?v=2aZOO_5Za-4";false;false
"Saponaire : la plante-savon";"https://www.youtube.com/watch?v=ofLm5Op_NiA";false;false
"L'ortie : tous ses secrets";"https://www.youtube.com/watch?v=Jv6V7Dm27vE";false;false
"Brunelle et syst√®me immunitaire";"https://www.youtube.com/watch?v=kNDMwR1cUnc";false;false
"Un guide de botanique pour bien identifier les plantes";"https://www.youtube.com/watch?v=ag5YtVJ661U";false;false
"Tout sur la grande consoude !";"https://www.youtube.com/watch?v=dRnduELnt4s";false;false
"La famille de la carotte : mortelles confusions !";"https://www.youtube.com/watch?v=UAqely91Pb0";false;false
"L'iris : toxique des marais !";"https://www.youtube.com/watch?v=OjbJ8a0K3Pg";false;false
"Le roseau et la massette sont comestibles !";"https://www.youtube.com/watch?v=R4YLM-LHaow";false;false
"Ail des ours : une plante gourmande";"https://www.youtube.com/watch?v=4V5XGmhsmS0";false;false
"Trois armoises √† distinguer !";"https://www.youtube.com/watch?v=V6gqq855yOg";false;false
"Girofl√©e des murailles : un "chou" toxique";"https://www.youtube.com/watch?v=wIeHPKGYom0";false;false
"Le cerfeuil des fous et ses confusions !";"https://www.youtube.com/watch?v=U2Jelkkzuds";false;false
"üéâ  Jeu concours au Chemin de la Nature üéä";"https://www.youtube.com/watch?v=Z1ejMS0ioKs";false;false
"Se soigner par les plantes : notre collection phytoth√©rapie";"https://www.youtube.com/watch?v=yHQ5DGydbhQ";false;false
"Utiliser les cornouillers ?";"https://www.youtube.com/watch?v=DcatVFvdacA";false;false
"Ros√© des pr√©s : un petit air de champignon de Paris !";"https://www.youtube.com/watch?v=db8locZej0U";false;false
"La d√©licieuse russule charbonni√®re";"https://www.youtube.com/watch?v=G3ZEnS8DcxQ";false;false
"Nonnette voil√©e : un bolet d√©licieux !";"https://www.youtube.com/watch?v=Whw-I12C8lU";false;false
"L'amanite tue-mouches : belle avec toxicit√©";"https://www.youtube.com/watch?v=rROvgpE4B8k";false;false
"Faut-il couper ou arracher les champignons ?";"https://www.youtube.com/watch?v=d5nAx2HnRno";false;false
"La vesse de loup GEANTE";"https://www.youtube.com/watch?v=5KwWfxEHmoM";false;false
"Bien identifier son champignon : exemple de la Collybie";"https://www.youtube.com/watch?v=KecXV9hfVos";false;false
"Le bolet orang√© se mange cuit";"https://www.youtube.com/watch?v=-24YdYB52_c";false;false
"L√©piote mamelonn√©e, comestible comme les coulemelles";"https://www.youtube.com/watch?v=4F-Z5sjo_XI";false;false
"Les champignons sauvages, crus ou cuits ?";"https://www.youtube.com/watch?v=YeHxJuIdADQ";false;false
"C√®pe bronz√© ou c√®pe de bordeaux ?";"https://www.youtube.com/watch?v=iEgKaOuTC3s";false;false
"L'alisier, meilleur fruit sauvage !";"https://www.youtube.com/watch?v=MXjvYbhOXKk";false;false
"Les pleurotes en hu√Ætre";"https://www.youtube.com/watch?v=ZsVFFKdSEKI";false;false
"Comment rendre les glands comestibles";"https://www.youtube.com/watch?v=f43w5rfzQ74";false;false
"Ah qu'il est bon le bolet bai !";"https://www.youtube.com/watch?v=2qDnrTp4868";false;false
"Toxicit√© et champignons. Exemple de l‚Äôhypholome en touffe";"https://www.youtube.com/watch?v=kcBIrVKiujM";false;false
"L'amadouvier : pour allumer le feu !";"https://www.youtube.com/watch?v=-XZ1EIf6YCQ";false;false
"Les champignons sont-ils toxiques au toucher ?";"https://www.youtube.com/watch?v=zT5ncdBPk4s";false;false
"Recette de No√´l aux orties et au lierre terrestre";"https://www.youtube.com/watch?v=hlr107VfCqE";false;false
"B√™tisier 2020";"https://www.youtube.com/watch?v=pmb2hluHhkY";false;false
"La cl√©matite blanche : une liane de chez nous !";"https://www.youtube.com/watch?v=wsCjOlyOURU";false;false
"Rumex : la famille des oseilles sauvages";"https://www.youtube.com/watch?v=0ZXwuBILsMs";false;false
"La ch√©lidoine, anti-verrues !";"https://www.youtube.com/watch?v=2mbrcxTdguw";false;false
"Les risques de la cueillette sauvage";"https://www.youtube.com/watch?v=G3W43QwI2YM";false;false
"La m√¢che sauvage, une douceur printani√®re !";"https://www.youtube.com/watch?v=OFmKDA2TEUM";false;false
"F√©vrier rime avec noisetier !";"https://www.youtube.com/watch?v=E0l5HKCfy2c";false;false
"Le s√©quoia g√©ant ou "arbre au boxeur"";"https://www.youtube.com/watch?v=xJ24HreYnE4";false;false
"Le saule, un anti-douleur naturel";"https://www.youtube.com/watch?v=r9UK8cOnmUI";false;false
"Testez gratuitement la d√©mo de la Formation du Cueilleur !";"https://www.youtube.com/watch?v=hCNPW94S_1w";false;false
"Ecorce et bourgeons de marronniers, circulation sanguine";"https://www.youtube.com/watch?v=LkGz6PAmlS0";false;false
"Le bouillon blanc, pour la toux !";"https://www.youtube.com/watch?v=DVdd24LvYjg";false;false
"On vous dit tout sur le pissenlit !";"https://www.youtube.com/watch?v=e-9ekFPNNO4";false;false
"10 plantes sauvages √† cueillir au d√©but du printemps";"https://www.youtube.com/watch?v=vgH_yZdig4Y";false;false
"12 plantes sauvages comestibles ou m√©dicinales sur 100m¬≤";"https://www.youtube.com/watch?v=BX_iJ0e7MEc";false;false
""Cerfeuil des bois VS cig√ºe : les dangers de la cueillette !!!"";"https://www.youtube.com/watch?v=yd0b9Trgqbs";false;false
"Manger de l'orge et de l'avoine... sauvages !";"https://www.youtube.com/watch?v=ip_Tzx0i71c";false;false
"Le fusain : l'arbuste √† dessin !";"https://www.youtube.com/watch?v=XIZlb8jL-8A";false;false
"La balsamine : toxique et envahissante !";"https://www.youtube.com/watch?v=EDFnw-ioL_c";false;false
"Crosses de foug√®res comestibles";"https://www.youtube.com/watch?v=Hq6VU8b_C3E";false;false
"10 plantes sauvages √† cueillir fin de printemps";"https://www.youtube.com/watch?v=Pj_ytJSBJdY";false;false
"Les balades LIVES : une cueillette sauvage accessible";"https://www.youtube.com/watch?v=ktRk1sXCBw4";false;false
"La formation Champignons - Cueillir et Cuisiner : Inscriptions ouvertes !";"https://www.youtube.com/watch?v=b_Cuu_wHF0o";false;false
"La Formation Champignons - Cueillir et Cuisiner arrive bient√¥t !";"https://www.youtube.com/watch?v=2Ko-h36zNoY";false;false
"Redevenir cueilleur de plantes sauvages en 2022, une bonne id√©e ?";"https://www.youtube.com/watch?v=CUBamtzDgCk";false;false
"La menthe aquatique sauvage : une odeur de bonbon";"https://www.youtube.com/watch?v=1cxIntwj7AA";false;false
"D√©couvrez la morelle noire";"https://www.youtube.com/watch?v=I2ufl2PavMM";false;false
"Polypore en touffe, poule des bois ou ma√Øtake";"https://www.youtube.com/watch?v=8GOsXtOL1Lg";false;false
"L'√©gopode : un vrai r√©gal";"https://www.youtube.com/watch?v=zouQ4Qk8gjQ";false;false
"10 plantes sauvages √† cueillir cet √©t√© 2022";"https://www.youtube.com/watch?v=WCmxyGWNbo0";false;false
"Tr√®fle blanc ou tr√®fle des pr√©s ? M√©nopause";"https://www.youtube.com/watch?v=ILSi6M20eaw";false;false
"Les fruits de plantain lanc√©ol√© (plante sauvage)";"https://www.youtube.com/watch?v=48uMdYyrSqU";false;false
"D√©licieuses trompettes de la mort !";"https://www.youtube.com/watch?v=ShuGnauwQ3o";false;false
"D√©couvrez notre nouvelle Formation Champignons !";"https://www.youtube.com/watch?v=R9hPqPJPrmo";false;false
"10 plantes sauvages √† cueillir cet automne 2022 !";"https://www.youtube.com/watch?v=ISZmvC1uXo0";false;false
"Ces 5 champignons sont MORTELS !";"https://www.youtube.com/watch?v=tDy6QSsSmVY";false;false
"Champignons sauvages comestibles, oui mais attention !";"https://www.youtube.com/watch?v=NbWqIHo_EGU";false;false
"O√π trouver des c√®pes cet automne 2022 ?";"https://www.youtube.com/watch?v=v3Fs6Ff5Tmw";false;false
"Tout sur les cigu√´s‚Ä¶ les Ombellif√®res, famille qui peut tuer !";"https://www.youtube.com/watch?v=UxjV2C_QXxs";false;false
"5 racines sauvages comestibles et m√©dicinales d'automne et d'hiver";"https://www.youtube.com/watch?v=NbiRg-W1WB0";false;false
"Les chiffres sur les champignons r√©v√©l√©s";"https://www.youtube.com/watch?v=Hf4YUAmvWiw";false;false
"Amanite tue-mouches : beaut√© fatale";"https://www.youtube.com/watch?v=NYgzKZhGHu4";false;false
"10 plantes sauvages √† cueillir cet hiver 2022 !";"https://www.youtube.com/watch?v=xkbK3A-GsjM";false;false
"5 conif√®res : if, c√®dre, pin, √©pic√©a, douglas";"https://www.youtube.com/watch?v=BBYey8jUxkM";false;false
"Cueillette et usages du gen√©vrier commun (Juniperus communis)";"https://www.youtube.com/watch?v=86KucJkscHA";false;false
"Comment identifier et utiliser les arbres en hiver ?";"https://www.youtube.com/watch?v=my-BsgCBGYA";false;false
"Comment reconna√Ætre les cerfeuils sauvages ?";"https://www.youtube.com/watch?v=C0JrAEfK99A";false;false
"D√©couvrez le houx sauvage";"https://www.youtube.com/watch?v=7hkL41plV0s";false;false
"Go√ªtez le pesto au lierre terrestre !";"https://www.youtube.com/watch?v=IK1oTFSH2jg";false;false
"Pourquoi ne pas √©liminer les mauvaises herbes ?";"https://www.youtube.com/watch?v=fQQHMl2srq8&t=16s";false;false
"Reconna√Ætre et cueillir les fleurs de pruniers sauvages";"https://www.youtube.com/watch?v=gUIJJTrPmPo";false;false
"Les violettes odorantes ; fleurs et feuilles";"https://www.youtube.com/shorts/rzJ0MpejtCY";false;false
"La ch√©lidoine ou herbe aux verrues";"https://www.youtube.com/shorts/4QnYg104pOA";false;false
"5 confusions du pissenlit";"https://www.youtube.com/watch?v=nI2n-pNHF2w";false;false
"Le cerfeuil des bois, Anthriscus sylvestris un vrai d√©lice !! On a d‚Äôautres vid√©os sur lui.";"https://www.youtube.com/shorts/zzFzoZZpdBQ";false;false
"Cuisiner l'ail des ours, bouch√©es üòãüòçüå±";"https://www.youtube.com/watch?v=-z1lWma7JGw";false;false
"Cueillir l‚Äôortie et la manger crue sur place";"https://www.youtube.com/shorts/kgrJSPjIsU0";false;false
"Extrait-offert : recette de houmous √† l'achill√©e millefeuille";"https://www.youtube.com/watch?v=CyHbsemdby0";false;false
"Extrait-offert : le pissenlit et ses usages";"https://www.youtube.com/watch?v=Pqe3ulcwdUQ";false;false
"Brocoli sauvage : cueillette avec vos sens";"https://www.youtube.com/watch?v=ui3Z1Ki1uaA";false;false
"Comment se compose une fleur de pissenlit ?";"https://www.youtube.com/shorts/62gTGW5f8io";false;false
"Cuisiner les plantes sauvages : le gomasio au maceron";"https://www.youtube.com/watch?v=gIjHy-eVL44";false;false
"La formation du Cueilleur expliqu√©e par nos apprenants üòâ √áa vous dit ?";"https://www.youtube.com/shorts/Amb_9NYYKuI";false;false
"Quoi cueillir au printemps ?";"https://www.youtube.com/watch?v=p5K3A1KRJdU";false;false
"Mangeons les jeunes feuilles de ch√™ne üå≥";"https://www.youtube.com/shorts/SKwRJEJ1CXg";false;false
"Les propri√©t√©s m√©dicinales de l‚Äôortie";"https://www.youtube.com/shorts/O2Wa9H2Yfs4";false;false
"üå±üí™ √ätre autonome dans sa cueillette, qu'est-ce que √ßa veut dire ?";"https://www.youtube.com/shorts/nyUfcKlWyXs";false;false
"Extrait-offert : 10 plantes sauvages √† cueillir dans la famille des Ast√©rac√©es";"https://www.youtube.com/watch?v=Ol-4gVAiiys";false;false
"Cerfeuils : attention aux confusions !";"https://www.youtube.com/watch?v=5-FoRElSbY4";false;false
"C‚Äôest la saison des fleurs de l‚Äôaub√©pine - quels usages?";"https://www.youtube.com/shorts/HlTnn_JN2NY";false;false
"La m√¢che sauvage ou doucette, en fleurs est d√©licieuse üòã";"https://www.youtube.com/shorts/leJ2sRnCzGE";false;false
"Manger les fruits de fr√™ne !";"https://www.youtube.com/shorts/65NEjgl2BSM";false;false
"Le gaillet grateron; la plante badge üòâ";"https://www.youtube.com/shorts/dzi2D7MNRTo";false;false
"Sorbet aux plantes sauvages";"https://www.youtube.com/watch?v=uRLUEl6udSU";false;false
"Tout se mange dans la marguerite et c‚Äôest trop bon üåºüòã";"https://www.youtube.com/shorts/I0LyNs2FU-w";false;false
"Les plantes sauvages comestibles et leurs pollinisateurs @La Minute Nature";"https://www.youtube.com/watch?v=FZkIukD1Ozw";false;false
"Le ch√©nopode blanc, √©pinard sauvage ou chou gras, Chenopodium album est plus que d√©licieux üòã";"https://www.youtube.com/shorts/c89PUYf7ymY";false;false
"La formation du Cueilleur est √† -50% exceptionnellement pour la f√™te de la nature pendant 6 jours.";"https://www.youtube.com/shorts/7rhYvppgmcI";false;false
"Tout s‚Äôutilise dans le coquelicot ‚ô•Ô∏è";"https://www.youtube.com/shorts/KXlnYl8YTyM";false;false
"La grande cigu√´ qui tue en plein parc parisien !";"https://www.youtube.com/shorts/m3VNe6tO3A8";false;false
"La berce commune au printemps";"https://www.youtube.com/watch?v=WBX3C9ZlQ-M";false;false
"Les fleurs de tilleul en infusion et en cuisine. (Nous avons d‚Äôautres vid√©os sur les tilleuls)";"https://www.youtube.com/shorts/I8UGuxGWuFI";false;false
"Rejoignez notre communaut√© !";"https://www.youtube.com/watch?v=lOn_TzL8WF0";false;false
"L‚Äôachill√©e millefeuille : la plante des femmes, de la digestion et de la peau.";"https://www.youtube.com/shorts/W-SBXdOVCCw";false;false
"La plante c√®pe ou √©piaire des bois de la famille des Lamiaceae.";"https://www.youtube.com/shorts/oKj-1lWELsM";false;false
"Le fraisier des Indes, ne pas confondre avec la fraise des bois ! Parfois mal dig√©r√©e et pas de go√ªt";"https://www.youtube.com/shorts/biYEIGIlB9Q";false;false
"Tout s‚Äôutilise dans le tilleul !";"https://www.youtube.com/shorts/7aAoe8H70SI";false;false
"Moutarde sauvage d‚Äôalliaire. Plus de vid√©os sur elle dans la description !";"https://www.youtube.com/shorts/QfbfsTUxP58";false;false
"Le bouillon blanc en sirop contre la toux. Newsletter : lechemindelanature.com";"https://www.youtube.com/shorts/2p8oGKxcaSU";false;false
"Les fruits de plantain lanc√©ol√© sont bons aussi et c‚Äôest en ce moment !";"https://www.youtube.com/shorts/Es567X8MmA0";false;false
"12 plantes sauvages dans vos jardins";"https://www.youtube.com/watch?v=jiJ-Ex3W24A";false;false
"¬´¬†Moutardes¬†¬ª aux graines d‚Äôalliaire pour remplacer la moutarde en cette p√©riode de p√©nurie !";"https://www.youtube.com/shorts/2LTk240zgIw";false;false
"On mange les feuilles d‚Äô√©rable plane, les fleurs d‚Äô√©rable champ√™tre et le sirop d‚Äô√©rable sycomore";"https://www.youtube.com/shorts/PRuprUc8Zgc";false;false
"Fraise des bois üçì VS fraise des Indes üçì ‚õîÔ∏è";"https://www.youtube.com/shorts/GqtEf9jrOJ8";false;false
"Noix vertes pour sirop, vin de noix, confiture. Quelles sont vos recettes?";"https://www.youtube.com/shorts/WOf3zOyssgI";false;false
"Les m√ªres en juillet. Ces fruits de la ronce sont des polydrupes !";"https://www.youtube.com/shorts/pHD9jey2L7M";false;false
"Les fruits verts/non m√ªrs de sureau noir se mangent en ¬´¬†c√¢pres¬†¬ª !";"https://www.youtube.com/shorts/6CC9O4x9REM";false;false
"M√©lilot blanc : les propri√©t√©s culinaires, m√©dicinales et les risques !";"https://www.youtube.com/watch?v=M9yt_h-548s";false;false
"L'ortie et l'√©pilobe hirsute : 2 plantes pour les d√©buts de probl√®mes de prostate ! üå±‚úÖ";"https://www.youtube.com/shorts/flZU0w1PuQ8";false;false
"La Reine-des-pr√©s contre la douleur et la fi√®vre !";"https://www.youtube.com/shorts/gJFvaOVvlZ8";false;false
"La tanaisie, une excellente plante aromatique !";"https://www.youtube.com/shorts/Yoo1YLaY0R4";false;false
"Des graines germ√©es Alfalfa avec la luzerne sauvage ? C‚Äôest possible ü§ó";"https://www.youtube.com/shorts/X26973e0CVo";false;false
"Le fusain, utile pour la biodiversit√© et pour dessiner !";"https://www.youtube.com/shorts/2iOmoVRgLwQ";false;false
"La chicor√©e sauvage, l'alternative au caf√© !";"https://www.youtube.com/watch?v=J_ElruGTiWs";false;false
"Les glands de ch√™ne se mangent !";"https://www.youtube.com/shorts/h-szjmf1QSU";false;false
"L'alth√©a, un d√©lice !";"https://www.youtube.com/shorts/ThyD8G3n4lk";false;false
"Le tr√®fle fraisier se mange !";"https://www.youtube.com/shorts/Z52wlL6GFBU";false;false
"Les Gramin√©es sauvages comestibles en abondance";"https://www.youtube.com/shorts/S7aTxbXam5s";false;false
"Comment identifier la 3√®me plus grande famille de plantes : les Fabac√©es";"https://www.youtube.com/shorts/5Ct7XsUsRQk";false;false
"Les ¬´¬†baies¬†¬ª de geni√®vre du g√©n√©vrier commun sauvage : comestibles et m√©dicinales";"https://www.youtube.com/shorts/3N234-OakE4";false;false
"Comment diff√©rencier le framboisier sauvage du roncier ?";"https://www.youtube.com/shorts/Ex1ntevhbKA";false;false
"Cette camomille a une bonne odeur d'ananas !";"https://www.youtube.com/shorts/h_c-k2qyrAs";false;false
"Les graines du fr√™ne sont d√©licieuses !";"https://www.youtube.com/shorts/TbNVTuNEWRc";false;false
"5 plantes sauvages pour les probl√®mes de circulation sanguine";"https://www.youtube.com/shorts/ZfRStDQzOGs";false;false
"3 plantes sauvages m√©dicinales pour les probl√®mes d'acn√©";"https://www.youtube.com/shorts/tpIE_QJ5glA";false;false
"La datura, une plante hallucinog√®ne et tr√®s toxique. Danger +++";"https://www.youtube.com/shorts/RDDUuj9KD7k";false;false
"L'if, un super arbre √† grimper !";"https://www.youtube.com/shorts/sh4U5grA5no";false;false
"Le cornouiller sanguin : √† ne pas confondre avec le sureau noir";"https://www.youtube.com/shorts/htcicR8g0rQ";false;false
"2 indices pour reconna√Ætre la carotte sauvage";"https://www.youtube.com/shorts/5zQulOH6wrg";false;false
"5 plantes sauvages au cimeti√®re du P√®re-Lachaise";"https://www.youtube.com/watch?v=0NvjMWH3A34";false;false
"Le noisetier de Byzance au cimeti√®re du P√®re-Lachaise";"https://www.youtube.com/shorts/cExQT5sK4sY";false;false
"Nos balades champignons sont de retour !";"https://www.youtube.com/shorts/wV1ScMcvYqY";false;false
"La pari√©taire, que l'on trouve tr√®s souvent dans la pierre !";"https://www.youtube.com/shorts/LCsZsfPHtFg";false;false
"Comment consommer les arilles ?";"https://www.youtube.com/shorts/8ztVadPXv_U";false;false
"Les langues de b≈ìuf sont de retour";"https://www.youtube.com/shorts/XBmDX1SbxLI";false;false
"La grande cigu√´ mortelle en plein parc Parisien";"https://www.youtube.com/shorts/TNmN65iRxfk";false;false
"Le moment optimal pour manger des racines de carottes sauvages !";"https://www.youtube.com/shorts/v73B4JluvmI";false;false
"Le tour de magie des Cornouillers !";"https://www.youtube.com/shorts/amlOwTh4LS4";false;false
"Le millepertuis porte bien son nom !";"https://www.youtube.com/shorts/ss_Dahn7Lpw";false;false
"Les graines de tilleuls se mangent";"https://www.youtube.com/shorts/hH822G9pv-4";false;false